{
    "room_summary": {
        "floor_area_m2": 11.149,
        "room_height_m": 2.22
    },
    "walls": [
        {
            "wall_id": 1,
            "width_m": 2.775,
            "height_m": 2.22,
            "area_m2": 6.161,
            "start_point": [
                -1.4510713313598784,
                -1.8830700514851217
            ],
            "end_point": [
                1.3238262822750495,
                -1.8830700514851217
            ]
        },
        {
            "wall_id": 2,
            "width_m": 4.018,
            "height_m": 2.22,
            "area_m2": 8.92,
            "start_point": [
                1.3238262822750495,
                -1.8830700514851217
            ],
            "end_point": [
                1.3238262822750495,
                2.134611069845675
            ]
        },
        {
            "wall_id": 3,
            "width_m": 2.775,
            "height_m": 2.22,
            "area_m2": 6.161,
            "start_point": [
                1.3238262822750495,
                2.134611069845675
            ],
            "end_point": [
                -1.4510713313598784,
                2.134611069845675
            ]
        },
        {
            "wall_id": 4,
            "width_m": 4.018,
            "height_m": 2.22,
            "area_m2": 8.92,
            "start_point": [
                -1.4510713313598784,
                2.134611069845675
            ],
            "end_point": [
                -1.4510713313598784,
                -1.8830700514851217
            ]
        }
    ]
}